pathway_name	n_plp	n_no_plp	OR	p	ci.int1	ci.int2	padj	cohort	perc_plp	fraction
Cancer predisposition genes	9864	64159	1.90541028233684	1.2660082281216198e-12	1.60186706751633	2.2576182931048	1.2660082281216198e-12	gnomAD	13.32558799292112	9864/74023
Cancer predisposition genes	869	5426	1.66809425984983	8.95373215271043e-8	1.38284786161569	2.00502578759202	8.95373215271043e-8	PMBB	13.80460683081811	869/6295
Cancer predisposition genes	175	655	NA	NA	NA	NA	NA	PBTA	21.084337349397593	175/830
