pathway_name	n_plp	n_no_plp	OR	p	ci.int1	ci.int2	padj	cohort	perc_plp	fraction
Cancer predisposition genes	9683	64340	1.76242943898926	4.3813544980885003e-10	1.48042991868211	2.08906013428823	4.3813544980885003e-10	gnomAD	13.081069397349474	9683/74023
Cancer predisposition genes	873	5422	1.64723444963119	2.1364439378643e-7	1.36515640478672	1.98062013507452	2.1364439378643e-7	PMBB	13.868149324861001	873/6295
Cancer predisposition genes	174	656	NA	NA	NA	NA	NA	PBTA	20.96385542168675	174/830
