pathway_name	n_plp	n_no_plp	OR	p	ci.int1	ci.int2	padj	cohort	perc_plp	fraction
Cancer predisposition genes	9558	64465	1.8019758003842	8.780337748888869e-11	1.5142298489104	2.13528014228731	8.780337748888869e-11	gnomAD	12.912202963943638	9558/74023
Cancer predisposition genes	869	5426	1.66809425984983	8.95373215271043e-8	1.38284786161569	2.00502578759202	8.95373215271043e-8	PMBB	13.80460683081811	869/6295
Cancer predisposition genes	175	655	NA	NA	NA	NA	NA	PBTA	21.084337349397593	175/830
