pathway_name	n_plp	n_no_plp	OR	p	ci.int1	ci.int2	padj	cohort	perc_plp	fraction
Cancer predisposition genes	9558	64465	1.77595891084953	2.56790484685259e-10	1.49121198090212	2.10589624585759	2.56790484685259e-10	gnomAD	12.912202963943638	9558/74023
Cancer predisposition genes	869	5426	1.64401438329941	2.67321953277406e-7	1.36196277586542	1.97738820096003	2.67321953277406e-7	PMBB	13.80460683081811	869/6295
Cancer predisposition genes	173	657	NA	NA	NA	NA	NA	PBTA	20.843373493975903	173/830
