term	pvalue
sex	0.3978581781720082
race	0.2942357602422451
ancestry	0.8278635079066806
ethnicity	0.850033612957168
group	4.997501249375312e-4
age	0.34092976826502935
OS_years	0.31957439581677327
EFS_years	0.5603837596293424
tmb	0.2272887570487219
