term	pvalue
sex	0.43228262033262993
race	0.3322262909109696
ancestry	0.8410238471564254
ethnicity	0.8508993068058186
group	4.997501249375312e-4
age	0.47686361076594025
OS_years	0.3101599947115049
EFS_years	0.511370088999891
tmb	0.15215982328687044
