term	pvalue
sex	0.518741448213734
race	0.45873357181088825
ancestry	0.646212891035419
ethnicity	0.9079035288790184
group	0.0021747992644841362
age	0.730553299344404
OS_years	0.5470915757902804
EFS_years	0.3474587709153606
tmb	0.7120907183888887
