term	pvalue
sex	0.47516805823652797
race	0.33458305060634547
ancestry	0.8360530549552027
ethnicity	0.8749550432455062
group	4.997501249375312e-4
age	0.5473326682944228
OS_years	0.3260553953436686
EFS_years	0.5099436647180215
tmb	0.1360279525636287
