term	pvalue
sex	0.5439614175652657
race	0.48828012206104116
ancestry	0.7385139468975245
ethnicity	0.9145679006706954
group	0.0029985007496251873
age	0.16733970289184155
OS_years	0.7081153396927276
EFS_years	0.7902839653307844
tmb	0.49563270449906177
