term	pvalue
sex	0.5220388623773615
race	0.5401796483362237
ancestry	0.7900133551123552
ethnicity	0.9581760589092013
group	0.0014992503748125937
age	0.1680745681243379
OS_years	0.6147357033622662
EFS_years	0.6988636733496882
tmb	0.561011961650692
