term	pvalue
sex	0.5439614175652657
race	0.5159797886400322
ancestry	0.7385139468975245
ethnicity	0.9441068404779019
group	9.995002498750624e-4
age	0.13340413976971324
OS_years	0.6829239870204147
EFS_years	0.7633243905211569
tmb	0.49563270449906177
