term	pvalue
sex	0.43164440672580373
race	0.3293638319399442
ancestry	0.8472238980286918
ethnicity	0.8753142680088926
group	4.997501249375312e-4
age	0.4810041176655875
OS_years	0.3260553953436686
EFS_years	0.5099436647180215
tmb	0.13962826601878725
