term	pvalue
sex	0.3978581781720082
race	0.2942357602422451
ancestry	0.8278635079066806
ethnicity	0.850033612957168
group	9.995002498750624e-4
age	0.40484329451859036
OS_years	0.31957439581677327
EFS_years	0.5603837596293424
tmb	0.16973955062125132
