term	pvalue
sex	0.5220762532399226
race	0.6090075565125767
ancestry	0.7888304660420431
ethnicity	0.7660364595116924
group	0.0024987506246876563
age	0.20746370355989008
OS_years	0.4986021208248812
EFS_years	0.636576480304961
tmb	0.5509484974525547
