cancer_group	cpgPLP	no_cpgPLP	OR	P_Value	CI_lower	CI_upper	adjusted_p	fdr_label
Pineoblastoma (N=5)	4	1	45.662511250983826	0.001080530492295198	3.054377849245548	2958.7928954640333	0.012966365907542375	**
Langerhans Cell histiocytosis (N=4)	1	3	1.82997462955918	0.5235824059353472	0.029685949308924823	29.041962592532975	1	
CNS Embryonal tumor (N=8)	0	8	0.01	0.3052825552825553	1e-4	3.0986932064779795	0.915847665847666	
Embryonal tumor with multilayer rosettes (N=3)	0	3	0.01	1	1e-4	13.639467037743353	1	
Ganglioneuroblastoma (N=2)	0	2	0.01	1	1e-4	29.12727268055203	1	
